{"count":1,"self":46831.5897856,"total":69859.88939869999,"children":{"InitializeSensors":{"count":8,"self":0.0029619,"total":0.0029619,"children":null},"AgentSendState":{"count":2961017,"self":287.568,"total":1459.976569,"children":{"CollectObservations":{"count":4737632,"self":91.35728,"total":91.3572811,"children":null},"CollectDiscreteActionMasks":{"count":4737632,"self":22.84928,"total":22.8492794,"children":null},"AgentInfo.ToProto":{"count":4737632,"self":77.342528,"total":1058.2020192999998,"children":{"GenerateSensorData":{"count":4737632,"self":287.1591936,"total":980.85949299999993,"children":{"RayPerceptionSensor.Perceive":{"count":14212896,"self":693.70030079999992,"total":693.70030209999993,"children":null}}}}}}},"DecideAction":{"count":2961017,"self":21368.9450496,"total":21368.9446895,"children":null},"AgentAct":{"count":2961017,"self":198.22490879999998,"total":199.3443443,"children":{"AgentInfo.ToProto":{"count":4736,"self":0.081063799999999991,"total":1.1194361,"children":{"GenerateSensorData":{"count":4736,"self":0.2829404,"total":1.0383723,"children":{"RayPerceptionSensor.Perceive":{"count":14208,"self":0.75543189999999993,"total":0.75543189999999993,"children":null}}}}}}}},"gauges":{"Hummingbird.CumulativeReward":{"count":4736,"max":59.93395,"min":-9.5,"runningAverage":22.8402786,"value":47.519722,"weightedAverage":43.6138077}},"metadata":{"timer_format_version":"0.1.0","start_time_seconds":"1594422189","unity_version":"2019.3.1f1","command_line_arguments":"C:\\Program Files\\Unity\\Hub\\Editor\\2019.3.1f1\\Editor\\Unity.exe -projectpath C:\/Users\/GhaNia_Maham\/unity\/Assignment4BGhaniaMaham\/Assignment4BGhaniaMaham -useHub -hubIPC -cloudEnvironment production -hubSessionId 07151c30-c28e-11ea-85c3-5ba546f042ad -accessToken E8JJCKODSk4Nb8nsjLrSnDNHXtO-t-a57CdNIpIuSso011f","communication_protocol_version":"1.0.0","com.unity.ml-agents_version":"1.1.0-preview","scene_name":"Training","end_time_seconds":"1594492046"}}